Workbook

Sheet Summary-GroupIterationProgress
A1: This report has 1 group iteration progress summary sheet to be filled at the end of each iteration by the team leader, 1 project ontribution sheet to be filled by everyone at the end of the semester, and 1 weekly report sheet per student.
A2: This sheet should be completed by the team leader (or other member in the team) by the end of each iteration.
A3: iteration | B3: Date range | C3: accomplishment summary (such as user stories/tasks completed/big progress, good practices used, etc) | D3: Technical issues summary | E3: non-technical issues summary | F3: Process improvement/plan | G3: # of user story points completed | H3: # of user story points in progress | I3: # of issues opened | J3: # of issues closed | K3: # of issues remained | L3: Total work time (h) | M3: Total Individual work time (h) | N3: Total group meeting time (h) | O3: time for type 0 tasks | P3: time for type 1 tasks | Q3: time for type 2 tasks | R3: time for type 3 tasks | S3: time for type 4 tasks | T3: time for type 5 tasks | U3: time for type 6 tasks | V3: Any other metrics defined in your SPPP
A4: 0 | B4: 09/03-09/10 | C4: - Team composition - Team meeting. - Team role definition - Project selection - High level requirement definition - Tech stack discussion and determination - Github teams and repo creation. - Github lab1 branch creation | D4: Minor issues setting up SSH keys for github repo. | E4: None | F4: - Continue setting up the environment. Next step will be setting up CI/CD pipeline. - Setting up Jira - Refine requirements - Come up with first architectural design | L4: =sum(O4:U4) -> 47 | M4: =sum(N4:U4) -> 49 | N4: 2 | O4: ='Edoardo Cavallero'!G3+'Michael Laszlo'!G3+'Zixuan Cheng'!G4+'Zhehao Liao'!G3+'Samuel Akerman'!G4+'Greg Grimaylo'!G4 -> 16 | P4: ='Edoardo Cavallero'!H3+'Michael Laszlo'!H3+'Zixuan Cheng'!H4+'Zhehao Liao'!H3+'Samuel Akerman'!H4+'Greg Grimaylo'!H4 -> 7 | Q4: ='Edoardo Cavallero'!I3+'Michael Laszlo'!I3+'Zixuan Cheng'!I4+'Zhehao Liao'!I3+'Samuel Akerman'!I4+'Greg Grimaylo'!I4 -> 4 | R4: ='Edoardo Cavallero'!J3+'Michael Laszlo'!J3+'Zixuan Cheng'!J4+'Zhehao Liao'!J3+'Samuel Akerman'!J4+'Greg Grimaylo'!J4 -> 0 | S4: ='Edoardo Cavallero'!K3+'Michael Laszlo'!K3+'Zixuan Cheng'!K4+'Zhehao Liao'!K3+'Samuel Akerman'!K4+'Greg Grimaylo'!K4 -> 0 | T4: ='Edoardo Cavallero'!L3+'Michael Laszlo'!L3+'Zixuan Cheng'!L4+'Zhehao Liao'!L3+'Samuel Akerman'!L4+'Greg Grimaylo'!L4 -> 14.5 | U4: ='Edoardo Cavallero'!M3+'Michael Laszlo'!M3+'Zixuan Cheng'!M4+'Zhehao Liao'!M3+'Samuel Akerman'!M4+'Greg Grimaylo'!M4 -> 5.5
A5: 1 | B5: 09/10-09/21 | C5: - CI/CD pipeline, including linter, formatting, security checks and unit tests - Test and prod environments, using AWS - Selection of two event APIs to work with: Jambase and Ticketmaster - Implementation of wrapper classes to call these APIs - Implementation of a first draft of UI - Good practices: we all worked on our own feature branches, issuing pull requests to merge to master when work complete - Collaborated to decide path forward - Collaborated to help each other troubleshooting issues. | D5: - Issues setting deployment plan on Google Cloud Run. Pivotted to single instance on AWS. - Namespace issues preventing completion of unit tests. Had to rename some directories. | E5: None | F5: - With all the components in place (frontend/backend/API services), we now need to integrate them - Implement AI service - Refine UI | G5: 50 | H5: 50 | I5: 6 | J5: 5 | K5: 1 | M5: =sum(N5:U5) -> 100 | N5: 2 | O5: ='Edoardo Cavallero'!G4+'Michael Laszlo'!G4+'Zixuan Cheng'!G5+'Zhehao Liao'!G4+'Samuel Akerman'!G5+'Greg Grimaylo'!G5 -> 21 | P5: ='Edoardo Cavallero'!H4+'Michael Laszlo'!H4+'Zixuan Cheng'!H5+'Zhehao Liao'!H4+'Samuel Akerman'!H5+'Greg Grimaylo'!H5 -> 10 | Q5: ='Edoardo Cavallero'!I4+'Michael Laszlo'!I4+'Zixuan Cheng'!I5+'Zhehao Liao'!I4+'Samuel Akerman'!I5+'Greg Grimaylo'!I5 -> 8 | R5: ='Edoardo Cavallero'!J4+'Michael Laszlo'!J4+'Zixuan Cheng'!J5+'Zhehao Liao'!J4+'Samuel Akerman'!J5+'Greg Grimaylo'!J5 -> 27.5 | S5: ='Edoardo Cavallero'!K4+'Michael Laszlo'!K4+'Zixuan Cheng'!K5+'Zhehao Liao'!K4+'Samuel Akerman'!K5+'Greg Grimaylo'!K5 -> 9 | T5: ='Edoardo Cavallero'!L4+'Michael Laszlo'!L4+'Zixuan Cheng'!L5+'Zhehao Liao'!L4+'Samuel Akerman'!L5+'Greg Grimaylo'!L5 -> 14 | U5: ='Edoardo Cavallero'!M4+'Michael Laszlo'!M4+'Zixuan Cheng'!M5+'Zhehao Liao'!M4+'Samuel Akerman'!M5+'Greg Grimaylo'!M5 -> 8.5
A6: 2 | B6: 09/22-10/06 | C6: - HTTPS support for all services that compose our app. - Redesign of the UI - Integration of backend and frontend - Integration of new AI/LLM service - Refined recommendation algorithm leveraging concert data APIs as well as the new AI/LLM service. | D6: - It was challenging integrating HTTPS, since we had to add self-signed certificates for local development as well as trusted certificates for deployment. We had to change multiple classes in our code where communications with other services were started or received. The deployment workflows also had to change. Many moving parts. - Refining AI/LLM prompts also proved to be difficult, specially given that we had to try different models; not all prompts were as effective when we had to pivot AI models. | E6: None | F6: - Continue refining recommendations algorithm - Expand test coverage - Further refine UI | G6: 75 | H6: 75 | I6: 4 | J6: 4 | K6: 0 | M6: =sum(N6:U6) -> 125 | N6: 2 | O6: ='Edoardo Cavallero'!G5+'Edoardo Cavallero'!G6+'Michael Laszlo'!G6+'Michael Laszlo'!G7+'Zixuan Cheng'!G5+'Zhehao Liao'!G5+'Zhehao Liao'!G6+'Samuel Akerman'!G6+'Samuel Akerman'!G7 -> 18 | P6: ='Edoardo Cavallero'!H5+'Edoardo Cavallero'!H6+'Michael Laszlo'!H6+'Michael Laszlo'!H7+'Zixuan Cheng'!H5+'Zhehao Liao'!H5+'Zhehao Liao'!H6+'Samuel Akerman'!H6+'Samuel Akerman'!H7 -> 11 | Q6: ='Edoardo Cavallero'!I5+'Edoardo Cavallero'!I6+'Michael Laszlo'!I6+'Michael Laszlo'!I7+'Zixuan Cheng'!I5+'Zhehao Liao'!I5+'Zhehao Liao'!I6+'Samuel Akerman'!I6+'Samuel Akerman'!I7 -> 21 | R6: ='Edoardo Cavallero'!J5+'Edoardo Cavallero'!J6+'Michael Laszlo'!J6+'Michael Laszlo'!J7+'Zixuan Cheng'!J5+'Zhehao Liao'!J5+'Zhehao Liao'!J6+'Samuel Akerman'!J6+'Samuel Akerman'!J7 -> 37 | S6: ='Edoardo Cavallero'!K5+'Edoardo Cavallero'!K6+'Michael Laszlo'!K6+'Michael Laszlo'!K7+'Zixuan Cheng'!K5+'Zhehao Liao'!K5+'Zhehao Liao'!K6+'Samuel Akerman'!K6+'Samuel Akerman'!K7 -> 15 | T6: ='Edoardo Cavallero'!L5+'Edoardo Cavallero'!L6+'Michael Laszlo'!L6+'Michael Laszlo'!L7+'Zixuan Cheng'!L5+'Zhehao Liao'!L5+'Zhehao Liao'!L6+'Samuel Akerman'!L6+'Samuel Akerman'!L7 -> 15 | U6: ='Edoardo Cavallero'!M5+'Edoardo Cavallero'!M6+'Michael Laszlo'!M6+'Michael Laszlo'!M7+'Zixuan Cheng'!M5+'Zhehao Liao'!M5+'Zhehao Liao'!M6+'Samuel Akerman'!M6+'Samuel Akerman'!M7 -> 6
A7: 3

Sheet Edoardo Cavallero
A1: Your Lead Roles: Design and Implementation Leader
A2: Week # | B2: Date range | C2: Total actual time of this week tasks (h) | D2: Total Individual work time | E2: Total group meeting time | F2: Individual Task Breakdown 0 - learning 1 - requirement analysis 2 - design 3 - implementation 4 - test 5 - communication/management 6 - configuration/environment 7 - unclassified | G2: time for type 0 tasks | H2: time for type 1 tasks | I2: time for type 2 tasks | J2: time for type 3 tasks | K2: time for type 4 tasks | L2: time for type 5 tasks | M2: time for type 6 tasks | N2: time for type 7 tasks | O2: AI tool log(any AI tools used for what tasks, is it helpful? How do you use the results) | P2: Project Deliverable Contribution | Q2: Issues | R2: Issue status or plan | S2: Estimated tasks for next week | T2: Total estimated time for next week
A3: 1 | B3: 09/03-09/10 | C3: =D3+E3 -> 9.5 | D3: =SUM(G3:N3) -> 7 | E3: 2.5 | F3: 0 - learned more about git, django, OAuth, FastAPI through online and AI research 2 - researched database solutions 5 - used Discord and Google Meet to communicate with the team and join meetings, drafted management plan timeilne 6 - cloned and set up Git to manage project repo, joined class organization and team on GitHub, created README file and committed to project repository 7 - prepared group presentation, created application logo | G3: 1 | I3: 0.5 | L3: 2 | M3: 1 | N3: 2.5 | O3: - Used ChatGPT to format and organize risk management paragraph and design application logo. The output was helpful. I suggested some slight editing after the first formatting. Content of paragraph was original work so I just fine tuned the formatting to preserve more of the original details. Logo design was well made after first prompt | P3: - Wrote two sections of SPPP (Risk management and management plan timeline) - Created Google Slides document for team presentation - Created application logo - Updated progress report - Helped ensure correct github configuration - Created and committed project README file | Q3: - struggled to identify full set of deliverables and keep track of all documents to be submitted | R3: - communicate with instructor to find effective ways to track deliverables each week, asked for complete list of assignments on BlackBoard | S3: - continue to learn about selected tech stack - continue researching free cloud based db solutions - refine project architecture and plans for front end/back end split - plan team meetings - contribute to iteration 1 and team presentation - update progress report | T3: 45879
A4: 2 | B4: 09/10-9/22 | C4: =D4+E4 -> 15 | D4: =SUM(G4:N4) -> 13 | E4: 2 | F4: 0 - Learned more about API services used (ticketmaster and jambase), React and Vite, Docker and Fast API 2 - Worked on SDD document and diagrams 3 - Implemented frontend structure, components, pages and basic parameter handling to prepare for integration with backend 5 - Communicated with the team to share progress updates, opinions on submitted work, set and adjust goals, set meeting times and deadlines, assign and redistribute tasks; updated risk management sheet 6 - Installed and configured React/Vite for frontend 7 - Updated project logo, banners in different styles | G4: 1 | I4: 2.5 | J4: 7.5 | L4: 1 | M4: 0.5 | N4: 0.5 | P4: - Wrote introduction, software architecture, ui design, design patterns, and Rest API sections of Software Design Document (SDD) - Configured structure for frontend using React and Vite - Created modular components for UI - Created search and results pages and routed them with React Router, incorporating search parameters into url - Configured basic parameter handling - Updated risk management document - Took minutes and organized meeting summary | S4: - Connect frontend to backend - Update sppp, sdd, progress and risk management sheets - Research solutions and lay foundation for new features (recommendations, NL agentic search) | T4: 15
A5: 3 | B5: 9/22-9/29 | C5: =D5+E5 -> 10 | D5: =SUM(G5:N5) -> 7 | E5: 3 | F5: 0 - Learned about Groq, prompting techniques, and AI integration options for handling user input and generating recommendations. 1 - Identified key components and workflow needed to implement AI-driven user input, search, and recommendation features. 2 - Outlined high-level design for integrating Groq with the backend and mapping user input flow through the Concert Service and APIs. 5 - Communicated with teammates over Discord and during meetings to plan iteration roadmap, assign tasks, and set deadlines; coordinated with team leader and other members to manage workload distribution based on teammate availability. | G5: 1.5 | H5: 2 | I5: 1.5 | L5: 2 | O5: Used ChatGPT to learn about new technologies used, resolve issues. Output was generally helpful. I always review and edit the AI output before implementing it into my own work. It is a useful starting point to edit and fine-tune before use. | P5: - Took minutes and organized meeting summary | S5: - Contribute to AI implementation - Update documents - Create presentation powerpoint and present | T5: 15
A6: 4 | B6: 9/29-10/06 | C6: =D6+E6 -> 16 | D6: =SUM(G6:N6) -> 15 | E6: 1 | F6: 0 - Learned more about FastAPI, Docker, request routing, Git branching and conflict resolution, unittests, and linter tools. 2 - Updated the Software Design Document (SDD) to reflect architectural revisions and implementation changes from this iteration, updated SPPP and risk management sheet with Iteration 2 changes and updates 3 - Implemented get_recommendations function and Groq API recommendation endpoint; made structural and style changes to frontend. 4 - Wrote unittest using fake client for Groq API; applied linter to ensure consistent formatting and style compliance. 5 - Collaborated with teammates during integration and testing to ensure compatibility across features and finalize deliverables. 7 - Prepared half of the presentation powerpoint and recorded my section of the presentation | G6: 2.5 | I6: 3 | J6: 4 | K6: 1 | L6: 1 | N6: 3.5 | O6: Used ChatGPT to learn about new technologies used, resolve issues. Output was generally helpful. I always review and edit the AI output before implementing it into my own work. It is a useful starting point to edit and fine-tune before use. | P6: - Rewrote introduction, software architecture, class diagrams sections and updated the Design Patterns, Rest APIs, business logic and key algorithm sections in SDD (Software Design Document) - Updated SPPP Risk Management sheet and SPPP management plan + risk management sections - Implemented create_recommendations function, /recommendations endpoint in groq_service and unittest in test_groq - Edited UI structure and style - Prepared half of presentation powerpoint and recorded my section of the presentation | S6: - Edit/refine UI - Set additional goals for final iteration | T6: 10

Sheet Michael Laszlo
A1: Your Lead Roles: Security Leader
A2: Week # | B2: Date range | C2: Total actual time of this week tasks (h) | D2: Total Individual work time | E2: Total group meeting time | F2: Individual Task Breakdown 0 - learning 1 - requirement analysis 2 - design 3 - implementation 4 - test 5 - communication/management 6 - configuration/environment 7 - unclassified | G2: time for type 0 tasks | H2: time for type 1 tasks | I2: time for type 2 tasks | J2: time for type 3 tasks | K2: time for type 4 tasks | L2: time for type 5 tasks | M2: time for type 6 tasks | N2: time for type 7 tasks | O2: AI tool log(any AI tools used for what tasks, is it helpful? How do you use the results) | P2: Project Deliverable Contribution | Q2: Issues | R2: Issue status or plan | S2: Estimated tasks for next week | T2: Total estimated time for next week
A3: 1 | B3: 09/03-09/10 | C3: =D3+E3 -> 7.5 | D3: =sum(G3:N3) -> 5.5 | E3: 2 | F3: 0 - Research python FastAPI 1 - Investigate Security Considerations for FastAPI 5 - Used the Discord and Google Meetings to meet the team as well as decide the project 6 - Setup SSH keys on my laptop so I can easily use Git with the team repo | G3: 2 | H3: 1 | L3: 2 | M3: 0.5 | O3: Used Chat-GPT to help me investigate non-functional requirements that a Security Leader should consider, especially as it pertains to FastAPI. This was useful because it help me get an idea of the aspects I should be monitoring and considering throughout the project to ensure the team is maintaining best security practices. I used the results to help shape the security requirements and some feature requirements of the project. Using Chat-GPT was useful here because it brought up ideas I had not considered that I then incorporated into our non-functional requirements to help the team develop a more secure application. | P3: 1. Write Security Requirements section of SPPP and added some feature requirements as Security Leader 2. Set up git and committed initial team.md file 3. Participate in team kickoff meeting. 4. Presented half of Iteration 0 presentation | Q3: 1. Not familiar with FastAPI 2. Project design not decided or discussed yet, hard to plan tasks | R3: 1. Finish FastAPI starter project from documentation this weekend to get some exposure 2. Meet with team to discuss project design and align on task direction | S3: 0 - Continue to learn FastAPI & Python security best practices 1 - continue to define requirements 3 - Implement a basic FastAPI project to get myself acquainted with the framework 5 - Meet with team to discuss project in more depth and continue designing architecture | T3: 6
A4: 2 | B4: 09/10-09/17 | C4: =(SUM(G4:N4)) -> 19 | D4: =(SUM(H4+G4+I4+J4+K4+M4+N4)) -> 15 | E4: 4 | F4: 0 - Researched python FastAPI 0 - Created an example Docker Compose project that uses React, FastAPI, and Docker to get aquainted with the project tools 1 - Investigated FastAPI Security Considerations 2 - Added Security Design to the SDD 3 - Added a Security Check workflow using GitHub actions to run static analysis and dependency checks on our Python source code 5 - Discussed with team in Discord and held Google Meet meetings to sync 6 - Similar to my learning one above, used an example app to get acquainted with the project stack 6 - Configured GitHub action to perform Python security checks | G4: 5 | H4: 2 | I4: 1 | J4: 2 | K4: 0 | L4: 4 | M4: 5 | N4: 0 | O4: Used Chat-GPT to help me learn about GitHub actions and workflows, allowing me to create a security check workflow that scans our Python code using static analysis and dependency scanning for known vulnerabilities. This was useful for helping me get up to speed on how to create a workflow so most of my time was spent fine-tuning the workflow instead of learning the syntax and structure of a workflow files. | P4: 1 - Created SECURITY.md file for our project to outline security best practices for the team/project 2 - Created the initial security check workflow (that had failures) 3 - Participated in team meetings and was active in the team Discord 4 - Worked to correct my permissions with the team project, I realized I had not properly joined the team the first time so I only had read access and I had accidentally created a fork of the repo 5 - Joined the team Jira project | Q4: 1. I had joined the project the wrong way initially which made contributing to the repo a little more difficult | R4: 1. Fix the issues identified by the security check workflow 2. Work on project documents for Iteration 1 | S4: 0 - Learn how to address bandit, pip-audit, and safety warnings/errors 3 - Implement fixes so the security workflow completes without warnings/errors 4 - Verify that the security workflow completes without warnings/errors 5 - Meet with team to have our "stand-up" to discuss progress, blockers, and next steps | T4: 10
A5: 3 | B5: 09/17-09/24 | C5: 10 | D5: 8 | E5: 2 | F5: 0 - Researched how to address bandit "assert used" errors in Python test files 0 - Researched how to freeze requirements in requirements.txt to address pip-audit and safety dependency errors 2 - Worked on Security Design documentation in SDD document 3 - Updated security check workflow and source files to address errors 3 - Added a SECURITY-CHANGELOG.md to the root of the project to provide a place for the team to log important security related decisions 4 - Verify that the security check workflow finishes without errors 4 - Perform the two test cases I added to the STD document 5 - Discussed with team in Discord and help Google Meet meetings to sync | G5: 2 | H5: 0 | I5: 2 | J5: 4 | K5: 2 | L5: 0 | M5: 2 | N5: 0 | O5: Used Claude to take a look at the the project and help me draft the Security Design section of the SDD document. This was useful for helping me concisley and clearly summarize what security measures we have implemented already and which ones we intend to have but have not implemented yet. I had to clean up the Claude generated draft a bit as our timeline for the project does not allow for all of it's security suggestions | P5: 1 - Updated the SECURITY-CHANGELOG.md to reflect how I was able to address bandit errors in the workflow 2 - Addressed the issues found by the security check workflow and got the check to pass 3 - Added the Security Design section of the SDD document 4 - Worked on updating the routine iteration documents to reflect work done for iteration 1 5 - Completed the initial revision of the STD document | R5: 1. Investigate expanding the security check workflow to also check the React frontend for issues to enhance security 2. Investigate expanding the security check workflow to also check the Docker image for vulernabilites 3. Sync with the team to determine where else I can best help with the codebase | T5: 10
A6: 4 | B6: 09/24-10/01 | C6: 10 | D6: 8 | E6: 2 | F6: 0 - Researched SSL and HTTPS 3 - Implemented SSL certificates and updated development, test, and production environment to use SSL certificates 4 - Verified development, test, and production environment generate and use SSL certificates properly 5 - Discussed with team in Discord and Google Meet meetings to sync 6 - Updated development, test, and production environment configurations | G6: 1 | H6: 0 | I6: 0 | J6: 6 | K6: 2 | L6: 0 | M6: 2 | N6: 0 | O6: Used Claude to help generate a roadmap for implementing HTTPS and had Claude implement each phase in the roadmap one at a time so I could verify it's implementations at each stage. I had to clean up Claude generated code and redirect Claude at times when it started to get off- task. | P6: 1 - Implemented SSL certificates 2 - Updated docker configurations to support SSL certificate generation and use 3 - Updated SDD and SPPP Security related sections 4 - Worked on updating routine iteration documents | R6: 1. SSL certificates implemented 2. NGINX configurations updated | S6: 1 - Meet with team to discuss Iteration 2 progress and align Iteration 3 goals. 2 - Implement HTTPS | T6: 10
A7: 5 | B7: 10/01-10/08 | C7: 10 | D7: 8 | E7: 2 | F7: 0 - Researched buying a domain to use for our EC2 test server instance 2 - Worked on Security Design documentation in SDD document 3 - Implemented HTTPS for frontend and backend 4 - Verified development, test, and production environemnt configurations use HTTPS as expected 5 - Discussed with team in Discord and Google Meet meetings to sync 6 - Bought testbeatmap.com domain and updated our EC2 test server instance to use it | G7: 2 | H7: 0 | I7: 1 | J7: 4 | K7: 2 | L7: 0 | M7: 1 | N7: 0 | O7: Used Claude to help generate a roadmap for implementing HTTPS and had Claude implement each phase in the roadmap one at a time so I could verify it's implementations at each stage. I had to clean up Claude generated code and redirect Claude at times when it started to get off- task. | P7: 1 - Implemented HTTPS for the frontend and backend 2- Worked on updating routine iteration documents 3 - Bought domain for our EC2 test server instance and updated test server to use it | R7: All iteration 2 JIRA tasks/issues complete. | S7: 1 - Meet with team to discuss exact changes we hope to make for Iteration 3. 2 - Estimate that I will be helping with code refactoring and clean up 3 - Estimate that I will be adding a frontend security workflow job to further harden security | T7: 10

Sheet Zixuan Cheng
A1: The sheet shows an example of a student weekly report. Only include the time that you use to work on the project. Each student should make your own sheet to report your work weekly.
A2: Your Lead Roles: Backup Project Leader, requirement leader
A3: Week # | B3: Date range | C3: Total actual time of this week tasks (h) | D3: Total Individual work time | E3: Total group meeting time | F3: Individual Task Breakdown 0 - learning 1 - requirement analysis 2 - design 3 - implementation 4 - test 5 - communication/management 6 - configuration/environment 7 - unclassified | G3: time for type 0 tasks | H3: time for type 1 tasks | I3: time for type 2 tasks | J3: time for type 3 tasks | K3: time for type 4 tasks | L3: time for type 5 tasks | M3: time for type 6 tasks | N3: time for type 7 tasks | O3: AI tool log(any AI tools used for what tasks, is it helpful? How do you use the results) | P3: Project Deliverable Contribution | Q3: Issues | R3: Issue status or plan | S3: Estimated tasks for next week | T3: Total estimated time for next week
A4: 1 | B4: 09/03-09/10 | C4: =D4+E4 -> 5.5 | D4: =sum(G4:N4) -> 4.5 | E4: 1 | F4: 0 - learned git and fastapi 1 - define high level requirements 2 - design 3 - implementation 4 - test 5 - keep touch with team members 6 - set up git and commit lab1 7 - unclassified | G4: 2 | H4: 1 | I4: 0.5 | J4: 0 | K4: 0 | L4: 0.5 | M4: 0.5 | N4: 0 | O4: 1.Use ChatGPT to research the role of the Design and Implementation Leader. 2.Use ChatGPT to research possible tech stacks for our project, including options for the front-end, back-end, database, and cloud deployment. 3.Use DeepSeek to help me summarize the Objectives and Priorities section, and check for typos or errors in the summary. | P4: 1. Write half sections of SPPP. 2. Set up git. 3.Research the tech stack of out project. | Q4: 1. not familiar with team members and missed first meeting. 2. have no experience in python web development. 3. not familiar with fastapi. | R4: 1. Learning fastapi from tutorials and chatgpt. 2. Try to make a demo using fastapi | S4: 0 - continue to learn fastapi. 1 - make a demo using fastapi. 2 - implement a basic hello world on fastapi. | T4: 6
A5: 2 | B5: 09/10-09/22 | C5: =D5+E5 -> 19.5 | D5: =sum(G5:N5) -> 18.5 | E5: 1 | F5: 0 - Learned Fastapi, Ticketmaster api and python unit testing. 1 - Understood the backend and ticketmaster providers. 2 - Design backend and api architecture. 3 - Implemented and integrated the Ticketmaster API. 4 - Implemented unit tests for providers 5 - keep touch with teammates 6 - Set up Docker and the backend environment 7 - Presentation iteration 1 | G5: 3 | H5: 1 | I5: 0.5 | J5: 7 | K5: 2 | L5: 2 | M5: 1 | N5: 2 | O5: 1.Learn Python unit testing to verify functionality. 2.Study backend development and the Ticketmaster API. 3.Organize the structure of our presentation slides and refine the content. | P5: 1. Intergreted backend and Ticketmaster api. 2. Finished slides and presentation for iteration 1. | Q5: 1. have no experience in python unit testing. 2. not familar with CI/CD pipeline. | R5: 1. Have finished the unit testing. 2. Have gained a better understanding of backend development,the Ticketmaster API and CI/CD Pipeline. | S5: 0 - Connect the frontend and backend. 1 - Learn about AI agents and Groq. 2 - Collaborate with teammates to design the database. 3 - Continue updating SPPP, SDD, and STD documents. | T5: 15
A6: 3 | B6: 9/22-10/6 | C6: =D6+E6 -> 12.5 | D6: =sum(G6:N6) -> 11.5 | E6: 1 | F6: 0 - Learned how the frontend communicates with the backend through API routes and Docker containers. 1 - Identified the need to connect the natural language input with real recommendation data. 2 - Outlined the data flow between frontend, backend, and the Groq recommendation service. 3 - Implemented the working connection between frontend and backend, and restored the search page interface. 4 - Tested the system end-to-end to confirm successful data retrieval and display. 5 - Discussed and coordinated debugging steps within the team. 6 - Adjusted Docker and Nginx configurations to ensure correct API routing. 7 - Cleaned up code and improved console logging for easier debugging. | G6: 2 | H6: 1 | I6: 0.5 | J6: 5 | K6: 1 | L6: 1 | M6: 0.5 | N6: 0.5 | O6: I used GPT to study the logic and interaction between the frontend and backend systems. With the help of ChatGPT, I completed part of the frontend code and learned how routing works in a React-based application. Through this process, I gained a better understanding of how user input flows through the interface to the backend API and returns data for display. | P6: 1. Intergreted backend and frontend. | Q6: 1. I have no experience in integrating the frontend and backend. | R6: Have finished the intergrating the frontend and backend | S6: 0. Praperation for presentation 3. 1. Add more unit tests and finish intergret testing. 2. Keep polish the UI. | T6: 10

Sheet Zhehao Liao
A1: Your Lead Roles: Requirement Leader
A2: Week # | B2: Date range | C2: Total actual time of this week tasks (h) | D2: Total Individual work time | E2: Total group meeting time | F2: Individual Task Breakdown 0 - learning 1 - requirement analysis 2 - design 3 - implementation 4 - test 5 - communication/management 6 - configuration/environment 7 - unclassified | G2: time for type 0 tasks | H2: time for type 1 tasks | I2: time for type 2 tasks | J2: time for type 3 tasks | K2: time for type 4 tasks | L2: time for type 5 tasks | M2: time for type 6 tasks | N2: time for type 7 tasks | O2: AI tool log(any AI tools used for what tasks, is it helpful? How do you use the results) | P2: Project Deliverable Contribution | Q2: Issues | R2: Issue status or plan | S2: Estimated tasks for next week | T2: Total estimated time for next week
A3: 1 | B3: 09/03-09/10 | C3: =D3+E3 -> 14 | D3: =sum(G3:N3) -> 12 | E3: 2 | F3: 0 - explored requirement practices for similar products 1 - defined core functional needs of our products 2 - gave ideas for usage and product design 3 - implementation 4 - test 5 - communicated with teammates about requirements 6 - set up git 7 - organized documentations | G3: 3 | H3: 3 | I3: 1 | J3: 0 | K3: 0 | L3: 2 | M3: 1 | N3: 2 | O3: Used ChatGPT to help brainstorm more possible requirements and filter unrealistic ones. | P3: 1. Wrote functional requirement sections of SPPP 2. Set up git, renewed and committed files on git 3. Updated the progress report | Q3: The current requirements are still high-level and not detailed enough, making it difficult to start design discussions. | R3: I will work on breaking down the requirements into smaller user stories and organize them by priority, so the design team can start with clear guidance. | S3: 0 - study techniques for creating requirement traceability matrices to connect requirements with later design and testing. 1 - transform high-level requirements of Concert Finder into detailed use cases and acceptance criteria. 5 - discuss with teammates to confirm feature priorities and requirements with the upcoming design tasks. | T3: 15
A4: 45691 | B4: 09/10-09/21 | C4: =D4+E4 -> 16 | D4: =sum(G4:N4) -> 14 | E4: 2 | F4: 0 - learned from other similar products, especially requirements part 1 - created tickets on Jira and adjust the requirements according to project progress 2 - design 3 - implementation 4 - test 5 - communicated with teammates about requirements, assigned works to them and asked about task progress 6 - configuration/environment 7 - prepared presentation and organized documentations | G4: 3 | H4: 4 | I4: 0 | J4: 0 | K4: 0 | L4: 3 | M4: 0 | N4: 4 | O4: Used ChatGPT to help me create a clear Jira hierarchy and assign tasks | P4: 1. Modified functional requirement sections of SPPP 2. Wrote Class Added Class Diagram and Business Logic and/or Key Algorithms sections of SDD 3. Updated the progress report 4. Worked on Iteration 1 Presentation and its slides 5. Created Jira tickets and assign tasks to each member | Q4: The SPPP specifies Concert Search and API Integration, but it does not state what the system should do under some abnormal situations like empty result or timeout from APIs . | R4: I will update requirements that, document expected frontend behavior: ResultsPage should show a clear “No results found” message, not a blank screen or raw error. | S4: 0 - review FastAPI and API contract design practices to better adjust requirements 1 - refine acceptance criteria for search and marginal scenarios 5 - align team members on updated requirements in Jira and ensure scope matches Iteration 1 objectives. | T4: 15
A5: 4 | B5: 09/22-09/27 | C5: =D5+E5 -> 16 | D5: =sum(G5:N5) -> 14 | E5: 2 | F5: 0 - learned how to use Groq API and combine the backend and frontend services 1 - created tickets on Jira and adjust the requirements according to project progress 2 - design 3 - integrated AI results into UI 4 - test 5 - communicated with teammates about requirements, assigned works to them and asked about task progress 6 - configuration/environment 7 - organized documentations | G5: 3 | H5: 4 | I5: 0 | J5: 3 | K5: 0 | L5: 3 | M5: 0 | N5: 1 | O5: Used ChatGPT to learn more about how to fetch the backend results to frontend UI | P5: 1. Created Jira tickets and assign tasks to each member 2. Worked on Groq API and integrated AI results into UI 3. Updated the progress report | Q5: The websites will not return the results from backend and always say "No results". | R5: I will first try to give a mock data to make it show something instead of "No results", and after the merge of backend and frontend, it will show the real recommendations. | S5: 0 - learn about how to merge backend and frontend 1 - remove some impractical features according to our progress 5 - communicated with team members on updated requirements in Jira to ensure our pivoting towards AI API | T5: 15
A6: 5 | B6: 09/28-10/06 | C6: =D6+E6 -> 19 | D6: =sum(G6:N6) -> 17 | E6: 2 | F6: 0 - learned how to connect the frontend and backend with Dockerized services and make the AI agent work end-to-end. 1 - created tickets on Jira and adjust the requirements according to project progress 2 - design 3 - implementated AI services and backend-frontend merge 4 - test AI API for backend and frontend merge 5 - communicated with teammates about requirements, assigned works to them and asked about task progress 6 - configuration/environment 7 - organized documentations | G6: 3 | H6: 4 | I6: 0 | J6: 3 | K6: 2 | L6: 3 | M6: 0 | N6: 2 | O6: Used ChatGPT to learn about how to merge frontend and backend and adjust the UI | P6: 1. Modified functional requirement sections of SPPP 2. Summarized the meeting minutes 3. Updated the progress report 4. Adjusted Jira tickets according to our progress 5. Helped merge backend and frontend | Q6: During integration, the UI doesn't seem clear and user-friendly. Some UI components also failed to handle API delays gracefully. | R6: I will work with teamates about UI refinements to make it much clearer and easier to use, instead of a primitive layover, and also able to handle the errors. | S6: 0 - find the small features we can add on our project from other similar ones 1 - refine the final acceptance criteria for the whole project 5 - communicate with team members to ensure the final acceptance criteria | T6: 15

Sheet Samuel Akerman
A2: Your Lead Roles: Team Leader, Configuration Leader
A3: Week # | B3: Date range | C3: Total actual time of this week tasks (h) | D3: Total Individual work time | E3: Total group meeting time | F3: Individual Task Breakdown 0 - learning 1 - requirement analysis 2 - design 3 - implementation 4 - test 5 - communication/management 6 - configuration/environment 7 - unclassified | G3: time for type 0 tasks | H3: time for type 1 tasks | I3: time for type 2 tasks | J3: time for type 3 tasks | K3: time for type 4 tasks | L3: time for type 5 tasks | M3: time for type 6 tasks | N3: time for type 7 tasks | O3: AI tool log(any AI tools used for what tasks, is it helpful? How do you use the results) | P3: Project Deliverable Contribution | Q3: Issues | R3: Issue status or plan | S3: Estimated tasks for next week | T3: Total estimated time for next week
A4: 1 | B4: 09/03-09/10 | C4: =D4+E4 -> 21 | D4: 19 | E4: 2 | F4: 0 - investigated different python libraries we can leverage. 1 - define high level requirements, 2 - Design 3 - Implementation 4 - Test 5 - make project plan, send reminders to team members 6 - set up git 7 - research similar products, prepare presentation | G4: 5 | H4: 2 | I4: 2 | J4: 0 | K4: 0 | L4: 5 | M4: 2 | N4: 3 | O4: Used ChatGPT to branstorm possible project ideas, given my interests. Also used it to come of with potential nice names for our project. | P4: 1. Wrote 3 sections of SPPP 2. Wrote meeting 1 minute. 3. Wrote risks spreadsheet. 4. Updated progress report. 6. Worked on iteration 0 presentation 5. Set up git, created lab1 branch. | Q4: 1. Found challenging to understand exactly what all the deliverables were. 2. Ensure all members of the team know what they should be working on. | R4: 1. Ask questions. Make sure to read chat as others have had similar questions. 2. Inventory pending tasks and communicate. Will start using Jira. | S4: 0 - Setup CICD pipeline 1 - Setup Docker 3 - Start experimenting with APIs to find and process concert data | T4: 10
A5: 45691 | B5: 09/10-09/21 | C5: =D5+E5 -> 22 | D5: =sum(G5:N5) -> 20 | E5: 2 | F5: 0 - Learning about Google Cloud Run and AWS. 2 - Understanding what what the CICD pipeline requirements were . 3 - Implementing CICD. 4- Testing CICD. 5 - Coordinating activities, following up on items. 6- Fine tunning CICD configuration | G5: 5 | H5: 3 | I5: 2 | J5: 5 | K5: 3 | L5: 1 | M5: 1 | N5: 0 | O5: Used ChatGPT to learn how to use github actions, specially focusing on linter, unit test and format checks (https://chatgpt.com/share/68c9eeef-0178-8013-a6ea-ddacd31bb844). Use ChatGPT to understand differences between using Google Cloud Run (one service per docker container) vs using a single VM for the enntire application (https://chatgpt.com/share/68cddec3-0918-8013-9c7f-e604b3179328). Both chats were useful and helped with both implementation and decision making. We had originally inteded to use Google Cloud Run, but for a small project with time constraints such as ours, it doesn't make sense. | P5: 1. Implemented CI/CD pipeline, adding a prod and test environments 2. Coordinated meetings and activities 3. Updated progress report. | Q5: 1. We originally decided to use Google Cloud Run. It became apparent that it was not a feasable option, given that it required one service per docker container, making it hard to manage. Plus intra container communication was not straightforward. Had to pivot to an EC2 instance with AWS 2. Mastering Github Actions. I found it challenging configuring how/when workflows should run. | R5: 1. Successfuly pivoted to AWS 2. Through testing I was able to make it behave in the desired way. | S5: 0 -HTTPS integration 1 - Backend and frontend integration 3 - AI integration | T5: 20
A6: 4 | B6: 09/22-09/27 | F6: 0 - Learning about AI vendors, APIs. 2 - Create interface for music vendor API service wrappers. Design for integrating AI service. 3 - Implemented AI service. Updated recommendations algorithm. 4- Tested with every step described in 3. 5 - Coordinating activities, following up on items. 6- Fine tunning CICD configuration | G6: 1 | H6: 0 | I6: 10 | J6: 5 | K6: 3 | L6: 2 | M6: 1 | N6: 0 | O6: I had to iterate several times to find a prompt that worked as I expected. Figured that an AI/LLM would be ideal to generate the prompt I needed. https://chatgpt.com/share/68e3efdc-bb3c-8013-ab64-2675737e7985 | P6: 1. Designed and Implemented AI service. 2. Merged into main all feature branches, solving conflicts. 3. Coordinated meetings and activities | Q6: - Refining AI/LLM prompts also proved to be difficult, specially given that we had to try different models; not all prompts were as effective when we had to pivot AI models. | R6: Issues were successfuly solved. | S6: 0 - Merge feature branches. 1 - Work on docs. | T6: 15
A7: 5 | B7: 09/28-10/06 | F7: 0 - Learning about HTTPS/SSL certificates 3 - Merged all branches into main, solving conflicts. 4- Tested with every step described in 3. 5 - Coordinating activities, following up on items. 6- Fine tunning CICD configuration 7- Worked on PPT | G7: 1 | H7: 0 | I7: 5 | J7: 5 | K7: 3 | L7: 2 | M7: 1 | N7: 2 | O7: I used ChatGPT to fix issues with Docker compose, NGINX configuration and route handling that arose due to enabling of HTTPS. https://chatgpt.com/share/68e3f0bb-0408-8013-8e41-6efd3c5e3313 | P7: 1. Merged into main all feature branches, solving conflicts. 2. Coordinated meetings and activities 3. Updated progress report, SDD, SPPP. | Q7: - It was challenging integrating HTTPS, since we had to add self-signed certificates for local development as well as trusted certificates for deployment. We had to change multiple classes in our code where communications with other services were started or received. The deployment workflows also had to change. Many moving parts. | R7: Issues were successfuly solved. | S7: 0 - Refine recommendations algorithm 1 - Expand test coverage. 3 - Refine UI

Sheet Greg Grimaylo
A2: Your Lead Roles: QA Leader
A3: Week # | B3: Date range | C3: Total actual time of this week tasks (h) | D3: Total Individual work time | E3: Total group meeting time | F3: Individual Task Breakdown 0 - learning 1 - requirement analysis 2 - design 3 - implementation 4 - test 5 - communication/management 6 - configuration/environment 7 - unclassified | G3: time for type 0 tasks | H3: time for type 1 tasks | I3: time for type 2 tasks | J3: time for type 3 tasks | K3: time for type 4 tasks | L3: time for type 5 tasks | M3: time for type 6 tasks | N3: time for type 7 tasks | O3: AI tool log(any AI tools used for what tasks, is it helpful? How do you use the results) | P3: Project Deliverable Contribution | Q3: Issues | R3: Issue status or plan | S3: Estimated tasks for next week | T3: Total estimated time for next week
A4: 1 | B4: 09/03-09/10 | C4: =D4+E4 -> 9 | D4: =sum(G4:N4) -> 7 | E4: 2 | F4: 0 - researched Python libraries/frameworks we can use to test our code like FastAPI, metrics we can use to measure our product effectively 5 - made project QA plan 6 - set up git, github, vscode 7 - research similar feature in Spotify, prepare presentation | G4: 3 | L4: 3 | M4: 0.5 | N4: 0.5 | O4: Use chatgpt to research QA testing plan for our product. It was helpful in suggesting metrics we could use to measure the quality of our software, and frameworks/tools we could use to test our code. I filtered the results based on how useful I thought they would be to our product and also by how feasible it was to use the suggestion provided by chatgpt | P4: 1. Write QA plan section of SPPP 2. Set up git, commit a test message on git 3. Contribute to Iteration 0 presentation 4. Contributed to Risk Management document | Q4: 1. not familar with using Docker or containerization in general 2. have not worked with Python in a while, need a refresher. | R4: 1. learn about containerization and work on Lab 2 which deals with Docker 2. refresh memory on Python | S4: 0 - learn Docker, practice with Python 4 - continue to define QA plan 5 - meet with team to work on Iteration 1 | T4: 8
A5: 45691 | B5: 09/10-09/22 | C5: 20 | D5: 18 | E5: 2 | F5: 0 - researched pytest, FastAPI, JamBase API 2 - brainstormed standardizing Events object from API results 3 - Implemented integrating JamBase API 4 - added tests for JamBase API + our app's endpoints 5 - met with the team to go over my progress, recorded meeting minutes 6 - obtained JamBase API key and added to a .env file | G5: 4 | H5: 0 | I5: 2 | J5: 6 | K5: 4 | L5: 3 | M5: 1 | N5: 0 | O5: Used ChatGPT to give suggestions on how to split the implementation of an API service into different Python files, as well as how to use FastAPI for different endpoints. Researched how to use pytest and mock data to test the result of API service without explicitly calling the API. The ChatGPT results helped me understand how to split the implementation of JamBase API up and how to general architecture of our backend should look like/gave me suggestions. I analyzed the results based on feasability for Iteration1. | P5: 1. Added implementation for JamBase API service for the backend as well as unit tests. 2. Updated ReadMe.md with information we learned this iteration 3. Updated SPPP to reflect this iteration 4. Updated STD testing document as the QA Leader 5. Updated Progress Report | Q5: 1. was not familiar with using pytest or FastAPI, but found them pretty straightforward. 2. had concerns about standardizing our output back to the frontend across all API services, will iron this out in the next iteration | R5: 1. learned about pytest and FastAPI 2. Talked with Sam and Zixuan to understand how our output should look like, will work on this more in the next iteration | S5: 0 - learn more about FastAPI, pytest, and mock tests 2 - work on design of standardized API output, hooking up frontend to backend 3 - standardize API output, send data to frontend 4 - verify data gets sent from backend to frontend, proper format 5 - meet with team to discuss iteration1 plan and tasks | T5: 10
A6: 4 | B6: 09/22-09/27 | E6: 1 | F6: 2 - brainstormed how to connect backend + frontend, standardize backend microservices to return same format. researched AI due to req pivot 3 - implemented backend standardization for JamBase & Ticketmaster 4 - added further tests for JamBase API, endpoints 5 - met with team to assess progress & next steps 7 - filled out progress report | G6: 0 | H6: 0 | I6: 6 | J6: 5 | K6: 3 | L6: 2 | M6: 0 | N6: 0.5 | O6: Used ChatGPT for suggestions on how to unify our microservices to return similar outputs as well as how to work with both the microservices in a similar fashion. Researched how to work w/ Groq and what it can allow us to do. ChatGPT helped me understand the architecture of our codebase and how to unify the external APIs to act similarly. It also helped me understand how we can incorporate Groq into our application. I anaylzed the results based on accuracy & feasability. | P6: 1. Added tests for JamBase, common Events object 2. Updated testing doc w/ automated test cases 3. Updated Progress Report 4. Standardized code for TicketMaster API | Q6: Was not familar w/ Groq, did not have a clear idea of how we could leverage it in our application. | R6: Research further into Groq, look at the documentation | S6: 0 - learn more about Groq, HTTPS 2 - add functions for Groq to take user input and parse into a common object 3 - implement Groq functions, parse user input 4 - add unit tests for working w/ Groq 5 - meet with team to go over next steps | T6: 20
A7: 5 | B7: 09/28-10/06 | C7: 10.5 | D7: 9.5 | E7: 1 | F7: 0 - researched SSL, Groq 2 - brainstormed JSON schema for Groq 3 - wrote function to parse tokens about concert using Groq from user input 4 - wrote unit test for tokens function 5 - communicated with team to work on presentation & communicated limited availability 7 - worked on ppt & recorded demo | G7: 2 | H7: 0 | I7: 1 | J7: 2 | K7: 0.5 | L7: 1 | M7: 0 | N7: 3 | O7: Used ChatGPT to recommend JSON schema format for interacting w/ Groq & how to query the AI in general. Also used for suggestions in ppt bullet points & specific topics to cover. The results helped me understand how to query Groq + interact w/ the results, and how we can standardize the object it returns. I analyzed the results based on accuracy on how it can be applied to our codebase. | P7: 1. Added JSON schema and tokens endpoint for Groq. 2. Worked on ppt & 2 demos for presentation. 3. Updated Progress Report | Q7: Limited time to work on project this week due to moving out & into a new apartment. | R7: Will have more time next week to work on the project as move in is complete. | S7: 0 - research testing HTTPS 4 - add unit tests & integration tests across the project 5 - meet with the team 7 - work on documentation | T7: 15

Sheet projectcontribution
A1: This sheet need to be filled by the end of the semester. You should clearly describe your contribution to the group project in each category in the whole semester.
A2: StudentName | B2: SPPP Document | C2: Requirement Analysis on Pivotaltracker | D2: Design Document (SDD) | E2: Testing Documentation (STD) | F2: Presentation | G2: Implementation (code on Github) | H2: Testing (unittest code on Github or manual testing) | I2: Configuration and Deployment | J2: General communication and management | K2: Other Comments
